#A H Parker High School,Alabama,http://parkerhighathletics.com
Cloverdale High School,Indiana,http://cloverathletics.com
#Dade County High School,Georgia,http://dadecountyathletics.com
Bessemer Academy,Alabama,http://bessemerathletics.com
Boaz High School,Alabama,http://boazathletics.com
Bob Jones High School,Alabama,http://bobjonesathletics.com
Chickasaw High School,Alabama,http://chieftainathletics.com
Florence High School,Alabama,http://florencehighathletics.com
George Washington Carver High School,Alabama,http://carverathletics.com
Homewood High School,Alabama,http://homewoodathletics.com
Hoover High School,Alabama,http://hooverhighathletics.com
Pelham High School,Alabama,http://pelhamhighathletics.com
Spain Park High School,Alabama,http://spainparkathletics.org
Wenonah High School,Alabama,http://wenonahdragonathletics.com
Harmony Grove High School,Arkansas,http://cardinalstrong.com
Pine Bluff High School,Arkansas,http://fightingzebrasports.com
Pottsville High School,Arkansas,http://apacheathletics.org
Eastlake High School,California,http://eastlakeathletics.com
Golden West High School,California,http://trailblazerathletics.com
Marmonte League,California,http://marmonteleague.net
Mayfair High School,California,http://monsoonathletics.com
Montebello High School,California,http://oilerathletics.com
Newbury Park Adventist Academy,California,http://npaaathletics.com
Rancho Verde High School,California,http://rvathletics.com
University Prepartory School,California,http://uprepathletics.net
Fruita Monument High School,Colorado,http://fmhsathletics.com
Grand Junction High School,Colorado,http://gjhstigers.com
Gunnison High School,Colorado,http://ghsathletics.com
Prairie View High School,Colorado,http://pvhsathletics.com
Jones High School,Florida,http://joneshighathletics.com
Alpharetta High School,Georgia,http://alpharettaathletics.com
Berkmar High School,Georgia,http://bermkarathletics.com
Cartersville High School,Georgia,http://canesathletics.com
Centennial High School,Georgia,http://centennialathletics.com
Creekview High School,Georgia,http://cvhsgrizzlies.net
Forsyth Central High School,Georgia,http://forsythcentralathletics.com
KIPP Atlanta Collegiate High School,Georgia,http://KippAtlantaCollegiateAthletics.com
Martin Luther King, Jr High School,Georgia,http://martinlutherkingathletics.com
Meadowcreek High School,Georgia,http://meadowcreekathletics.org
Milton High School,Georgia,http://miltonathletics.com
North Atlanta High School,Georgia,http://northatlantawarriors.org
Peachtree Ridge High School,Georgia,http://prhslions.com 
Sprayberry High School,Georgia,http://sprayberryathletics.com
Thomasville High School,Georgia,http://bulldogsathletics.com
Meridian,Idaho,http://meridianathletics.com
Dunlap High School,Illinois,http://dunlapeaglesathletics.com
Rockford Christian High School,Illinois,http://rockfordchristianathletics.com
Alexandria High School,Indiana,http://amhsathletics.com
Anderson High School,Indiana,http://ahsindians.com
Attica High School,Indiana,http://atticaredramblers.com
Beech Grove High School,Indiana,http://beechgrove-athletics.com
Blackford High School,Indiana,http://blackfordathletics.com
Bloomfield High School,Indiana,http://bloomfieldathletics.com
Bloomington High School North,Indiana,http://bloomingtonnorthathletics.com
Boone Grove High School,Indiana,http://boonegroveathletics.com
Boonville High School,Indiana,http://boonvilleathletics.com
Brebeuf Jesuit,Indiana,http://brebeufathletics.org
Cardinal Ritter High School,Indiana,http://gocardinalritter.org
Castle High School,Indiana,http://castleknightsathletics.com
Cathedral High School,Indiana,http://gocathedralathletics.com
Central Catholic High School,Indiana,http://lccathletics.com
Churubusco High School,Indiana,http://buscoeagles.com
Clinton Prairie High School,Indiana,http://cpgophers.com
Concord High School,Indiana,http://concordhsathletics.com
Connersville High School,Indiana,http://connersvilleathletics.com
Daleville High School,Indiana,http://dalevillesports.com
Decatur Central,Indiana,http://dchawks.com
Delphi Community High School,Indiana,http://delphioracleathletics.com
Delta High School,Indiana,http://deltaeaglesathletics.com
East Central High School,Indiana,http://ectrojansathletics.com
Eastbrook High School,Indiana,http://eastbrookathletics.com
Eastern Greene High School,Indiana,http://egthunderbirds.com
Eastern High School,Indiana,http://musketeersathletics.com
Elkhart Central High School,Indiana,http://elkhartblazersports.com
Elkhart Christian Academy,Indiana,http://ecaathletics.org
Elwood Community High School,Indiana,http://elwoodpanthers.net
Eminence High School,Indiana,http://eelsathletics.com
Frankfort High School,Indiana,http://hotdogsathletics.com
Franklin County High School,Indiana,http://franklincountyathletics.com
Greencastle High School,Indiana,http://greencastleathletics.com
Greenfield-Central High School,Indiana,http://gchscougars.com
Guerin Catholic High School,Indiana,http://sports.guerincatholic.org
Hebron High School,Indiana,http://gohebronathletics.com
Heritage High School,Indiana,http://heritageathletics.net
Herron High School,Indiana,http://goherronathletics.com
Indian Creek High School,Indiana,http://indiancreekathletics.com
James Whitcomb Riley High School,Indiana,http://southbendrileysports.com
Jay County High School,Indiana,http://jcpatriotsathletics.com
Jeffersonville High School,Indiana,http://jeffathletics.com
John Adams High School,Indiana,http://johnadamsathletics.com
John Glenn High School,Indiana,http://glennathletics.com
Kankakee Valley High School,Indiana,http://kvhsathletics.com
Knightstown High School,Indiana,http://knightstownathletics.com
LaVille High School,Indiana,http://lavilleathletics.com
Lebanon High School,Indiana,http://lebanonathletics.com
Marion High School,Indiana,http://mariongiantssports.com
Milan High School,Indiana,http://milanathletics.com
Monrovia High School,Indiana,http://monroviasports.com
Mooresville High School,Indiana,http://mhspioneers.com
Mount Vernon High School,Indiana,http://mvwildcats.com
New Castle High School,Indiana,http://newcastleathletics.com
New Haven,Indiana,http://newhavenathletics.com
New Palestine High School,Indiana,http://newpalestineathletics.com
North Central High School,Indiana,http://nchsathletics.com
North Miami High School,Indiana,http://northmiamisports.com
Northeastern High School,Indiana,http://goknightsathletics.com
Northfield High School,Indiana,http://northfieldathletics.com
#Northridge High School,Indiana,http://northridgeathletics.com
#Oldenburg Academy,Indiana,http://oaathletics.org
#Owen Valley High School,Indiana,http://ovpatriots.com
Park Tudor School,Indiana,http://ptpanthers.org
Plymouth High School,Indiana,http://goplymouthathletics.com
Portage High School,Indiana,http://goportageindians.com
Rising Sun High School,Indiana,http://shinerathletics.com
Rochester High School,Indiana,http://zebraathletics.net
Rossville High School,Indiana,http://gohornetsathletics.com
South Adams High School,Indiana,http://starfireathletics.com
South Dearborn High School,Indiana,http://southdearbornathletics.com
South Putnam High School,Indiana,http://sputnamathletics.com
South Spencer High School,Indiana,http://southspencerathletics.com
Southmont Senior High School,Indiana,http://gomountiessports.com
Southwood High School,Indiana,http://southwoodknightsathletics.com
Taylor High School,Indiana,http://taylortitansathletics.com
Tippecanoe Valley High School,Indiana,http://tippecanoevalleyathletics.com
Tipton High School,Indiana,http://tiptonathletics.com
Tri-Central High School,Indiana,http://tri-centraltrojans.com
Tri-West High School,Indiana,http://triwestbruins.com
Wabash High School,Indiana,http://wabashapaches.net
Wes-Del High School,Indiana,http://wdathletics.com
Western Boone High School,Indiana,http://weboathletics.com
Western High School,Indiana,http://whspanthers.com
Westfield High School,Indiana,http://westfieldathletics.com
Westville High School,Indiana,http://westvilleathletics.com
Whiteland High School,Indiana,http://whitelandwarriorsathletics.com
Whitko High School,Indiana,http://whitkoathletics.com
Yorktown High School,Indiana,http://yorktownathletics.com
Cheney High School,Kansas,http://cheneyathletics.com
Turner High School,Kansas,http://turnergoldenbears.com
Ballard High School,Kentucky,http://goballardbruins.com
Bryan Station High School,Kentucky,http://bryanstationathletics.com
Bullitt East High School,Kentucky,http://behsathletics.com
Campbellsville High School,Kentucky,http://cvilleathletics.com
Cooper High School,Kentucky,http://cooperjags.com
Eastern High School,Kentucky,http://goeasterneagles.org
#Lewis County High School,Kentucky,http://lewiscountyathletics.com
Lloyd Memorial High School,Kentucky,http://lmhsathletics.com
North Oldham High School,Kentucky,http://nohsathletics.com
Oldham County High School,Kentucky,http://ochsathletics.com
Rowan County Senior High School,Kentucky,http://rowancountyvikings.com
Scott High School,Kentucky,http://scotteaglesathletics.com
South Oldham High School,Kentucky,http://sohsathletics.com
Todd County Central High School,Kentucky,http://tcchsrebels.com
Valley Traditional High School,Kentucky,http://govalleyvikings.com
Randolph High School,Massachusetts,http://bluedevilsathletics.com
Weston High School,Massachusetts,http://westonathletics.com
Advanced Technology Academy,Michigan,http://atalakers.com
Allegan High School,Michigan,http://alleganathletics.com
Allen Park High School,Michigan,http://allenparkathletics.com
Ann Arbor Huron High School,Michigan,http://aahuronathletics.com
Bangor High School,Michigan,http://bangorathletics.com
Bay City Central High School,Michigan,http://baycitycentralsports.com
Bay City Western High School,Michigan,http://baycitywesternathletics.com
Big Rapids High School,Michigan,http://brcardinals.com
Bloomingdale High School,Michigan,http://bloomingdaleathletics.com
Brandon High School,Michigan,http://brandonblackhawks.org
Byron Center High School,Michigan,http://byroncentersports.com
Calumet High School,Michigan,http://calumetathletics.com
Calvin Christian High School,Michigan,http://calvinchristiansports.com
Canton High School,Michigan,http://cantonathletics.com 
Capac High School,Michigan,http://capacathletics.com
Carlson High School,Michigan,http://carlsonathletics.com
Carrollton High School,Michigan,http://cavsathletics.com
Cass Technical High School,Michigan,http://casstechathletics.com
#Central Montcalm High School,Michigan,http://cmhornets.net
Chesaning Union High School,Michigan,http://chesaningathletics.com
Chippewa Hills High School,Michigan,http://chippewahillsathletics.com
Clarenceville High School,Michigan,http://clarencevilleathletics.com
Clinton High School,Michigan,http://redskinsathletics.com
Comstock Park High School,Michigan,http://comstockparkathletics.com
Concord High School,Michigan,http://concordsports.net
Coopersville High School,Michigan,http://coopersvilleathletics.com
Dexter High School,Michigan,http://dhsdreads.org
East Grand Rapids High School,Michigan,http://eastgrsports.com
East Kentwood High School,Michigan,http://ekfalcons.com
East Lansing High School,Michigan,http://eastlansingathletics.com
Eaton Rapids High School,Michigan,http://greyhoundathletics.com
Edwardsburg High School,Michigan,http://eddiesathletics.com
Flat Rock High School,Michigan,http://frathletics.com
Forest Hills Central High School,Michigan,http://fhcrangers.com
Forest Hills Eastern High School,Michigan,http://fhesports.net
Forest Hills Northern High School,Michigan,http://fhnsports.com
Fowlerville High School,Michigan,http://fowlervilleathletics.com
Frankenmuth High School,Michigan,http://frankenmuthathletics.com
Franklin Road Christian High School,Michigan,http://warriorathletics.org
Freeland High School,Michigan,http://freelandathletics.com
Gabriel Richard Catholic High School,Michigan,http://grathletics.org
Gaylord High School,Michigan,http://gaylordathletics.com
Godwin Heights High School,Michigan,http://godwinheightsathletics.com
Grand Haven High School,Michigan,http://grandhavenathletics.com
Grand Ledge High School,Michigan,http://glathletics.com
Grand Rapids Catholic Central High School,Michigan,http://grccathletics.com
Grand Rapids Christian High School,Michigan,http://grchristianeagles.com
Grandville High School,Michigan,http://grandvillebulldogsports.com
Grant High School,Michigan,http://granttigersathletics.com
Greenville High School,Michigan,http://jacketathletics.com
Grosse Pointe North High School,Michigan,http://gpnorthathletics.com
Groves High School,Michigan,http://grovesathletics.com
H.H. Dow High School,Michigan,http://dowathletics.com
Hamtramck High School,Michigan,http://hamtramckathletics.com
Hanover-Horton High School,Michigan,http://hhcomets.com
Hart High School,Michigan,http://harthspirates.com
Hartland High School,Michigan,http://hartlandeagles.com
Henry Ford II High School,Michigan,http://fordfalconathletics.com
Hesperia High School,Michigan,http://hesperiaathletics.com
Holland High School,Michigan,http://hollanddutchsports.com
Holt High School,Michigan,http://holtathletics.com
Hopkins High School,Michigan,http://hopkinsathletics.com
Hudsonville High School,Michigan,http://hudsonvilleathletics.com
Huron High School,Michigan,http://huronhighchiefs.com
Huron Valley Lutheran High School,Michigan,http://hvlathletics.com
Jackson High School,Michigan,http://jhsvikings.com
Jenison High School,Michigan,http://jenisonathletics.com
John Glenn High School (Bangor),Michigan,http://johnglennathletics.com
John Glenn High School (Westland),Michigan,http://johnglennrockets.com
Kalamazoo Central High School,Michigan,http://kcentralsports.com
Kearsley High School,Michigan,http://kearsleyhornets.org
Kent City High School,Michigan,http://kentcityathletics.com
L'Anse Creuse High School,Michigan,http://lancercountryathletics.com
L'Anse Creuse North High School,Michigan,http://lcncrusaders.com
#Ladywood High School,Michigan,http://ladywoodathletics.com
LakeVille High School,Michigan,http://lakeville-athletics.com
Lakeland High School,Michigan,http://lhseagles.com
Lakeshore High School,Michigan,http://lakeshorelancerathletics.com
Lansing Catholic High School,Michigan,http://lansingcatholicathletics.com
Lansing Christian High School,Michigan,http://lcpilgrims.com
Lapeer High School,Michigan,http://lapeerlightning.com
Lincoln High School,Michigan,http://splitternation.org
#Lowell High School,Michigan,http://redarrowathletics.com
Loy Norrix High School,Michigan,http://loynorrixknights.com
Manchester High School,Michigan,http://manchesterdutchmen.com
Marian High School,Michigan,http://mariansports.com
Mason High School,Michigan,http://masonbulldogsports.com
Michigan Center High School,Michigan,http://cardinalsports.org
Midland High School,Michigan,http://chemics.net
Milford High School,Michigan,http://milfordmavs.com
Millington High School,Michigan,http://millingtonathletics.com
Mona Shores High School,Michigan,http://monashoressports.com
Monroe High School,Michigan,http://mhstrojans.com
Muskegon High School,Michigan,http://muskegonbigredsports.com
Niles High School,Michigan,http://nilesathletics.com
NorthPointe Christian High School,Michigan,http://npcmustangs.com
Northview High School,Michigan,http://northviewsports.com
Northwest High School,Michigan,http://nwmounties.com
Novi High School,Michigan,http://noviathletics.com
Oakland Christian High School,Michigan,http://oclancerathletics.com
Okemos High School,Michigan,http://okemosathletics.net
Olivet High School,Michigan,http://olivetathletics.com
Ovid-Elsie High School,Michigan,http://ovidelsiesports.com
Owosso High School,Michigan,http://trojansathletics.com
Oxford High School,Michigan,http://oxfordathletics.org
PCEP Activities,Michigan,http://pcepactivities.com 
Parkway Christian High School,Michigan,http://pceagles.com
Perry High School,Michigan,http://PerryAthletics.com
Pine River High School,Michigan,http://prbucksports.com
Pioneer High School,Michigan,http://aapioneerathletics.com
Plymouth High School,Michigan,http://plymouthathletics.com
Port Huron High School,Michigan,http://phhsbigreds.com
Port Huron Northern High School,Michigan,http://phnhuskies.com
Portage Central High School,Michigan,http://portagecmustangs.com
Ravenna High School,Michigan,http://ravennabulldogsathletics.com
Reading High School,Michigan,http://readingrangerathletics.com
Redford Union High School,Michigan,http://ruathletics.com
Reese High School,Michigan,http://reeserocketsathletics.com
Salem High School,Michigan,http://salemathletics.com
Saline High School,Michigan,http://salinehornets.com
South Christian High School,Michigan,http://southchristiansports.com
South Lake High School,Michigan,http://slcavaliers.com
#Southfield Christian High School,Michigan,http://southfieldchristianeagles.com
Southfield-Lathrup High School,Michigan,http://slchargers.com
#Sparta High School,Michigan,http://spartahsspartans.com
Springport High School,Michigan,http://springportathletics.com
St. Catherine of Siena Academy,Michigan,http://scastars.com
Stevenson High School,Michigan,http://stevensontitans.com
Stockbridge High School,Michigan,http://stockbridgepanthers.net
Summit Academy,Michigan,http://summitdragons.com
Tecumseh High School,Michigan,http://tecumsehathletics.com
Thornapple-Kellogg High School,Michigan,http://tkathletics.com
Waterford Kettering High School,Michigan,http://ketteringathletics.com
Waterford Mott High School,Michigan,http://mottathletics.com
Watervliet High School,Michigan,http://wpspanthers.com
Wayland High School,Michigan,http://waylandunionwildcats.com
Wayne Memorial High School,Michigan,http://waynememorialathletics.com
West Bloomfield High School,Michigan,http://westbloomfieldathletics.com
#West Catholic High School,Michigan,http://westcatholicsports.com
West Ottawa High School,Michigan,http://wopanthers.com
Western High School,Michigan,http://westernpanthersports.com
Woodhaven High School,Michigan,http://woodhavenathletics.com
Ypsilanti Community High School,Michigan,http://ypsigrizzlies.com
Zeeland East High School,Michigan,http://zeelandeastsports.com
Zeeland West High School,Michigan,http://zeelandwestsports.com
Apple Valley High School,Minnesota,http://goapplevalleyeagles.com
Delano High School,Minnesota,http://delanotigeractivities.com
Eastview High School,Minnesota,http://eastviewathletics.com
Fridley High School,Minnesota,http://fridley-tigers.com
#Hibbing High School,Minnesota,http://gohibbingbluejackets.com
Hopkins High School,Minnesota,http://hopkins-royals.com
Irondale Senior High School,Minnesota,http://ihs-knights.com
Maple Grove Senior High School,Minnesota,http://crimson-activities.com
Maranatha Christian Academy,Minnesota,http://mcamustangsathletics.org
Monticello High School,Minnesota,http://monticello-magic.com
Mound Westonka High School,Minnesota,http://westonka-activities.com
Mounds View High School,Minnesota,http://gomvmustangs.com
New Life Academy,Minnesota,http://nlaeagles.org
Osseo High School,Minnesota,http://osseo-orioles.com
Park Center High School,Minnesota,http://pcactivities.com
#Rogers High School,Minnesota,http://gorogersroyals.com
#Saint Francis High School,Minnesota,http://gostfrancissaints.com
Sebeka High School,Minnesota,http://sebeka-trojans.com
St. Michael Albertville High School,Minnesota,http://stmaknights.com
Waconia High School,Minnesota,http://waconiaathletics.com
Bishop DuBourg High School,Missouri,http://dubourgathletics.com
Clayton High School,Missouri,http://CHSGreyhounds.com
De Soto High School,Missouri,http://desotodragons.org
Farmington High School,Missouri,http://fhsknights.com
Festus R-6 High School,Missouri,http://festusathletics.com
Fox High School,Missouri,http://fhshomeofthewarriors.com
Hancock High School,Missouri,http://hptigers.com
Hillsboro High School,Missouri,http://hillsborohawks.info
Jefferson High School,Missouri,http://jeffersonbluejays.com
McAuley Catholic High School,Missouri,http://mcauleysports.com
Mccluer South-Berkeley High School,Missouri,http://msbbulldogs.com
Mehlville High School,Missouri,http://mpanthers.com
North County High School,Missouri,http://ncraiders.com
Northwest R-I High School,Missouri,http://nhslions.com
Notre Dame High School,Missouri,http://ndhsrebels.com
Oakville Senior High School,Missouri,http://ohstigers.com
Platte County High School,Missouri,http://plattepirates.org
Seckman High School,Missouri,http://shsjaguars.com
Windsor C-1 High School,Missouri,http://whsowls.com
Elmwood Park Memorial High School,New Jersey,http://elmwoodparkathletics.com
Hoboken High School,New Jersey,http://hobokenredwings.org
Passaic Valley High School,New Jersey,http://PassaicValleyAthletics.com
#North Shore Hebrew Academy,New York,http://nshahsathletics.com
Yeshivah of Flatbush High School,New York,http://flatbushfalcons.com
Cary Christian School,North Carolina,http://goccsknights.com
D H Conley High School,North Carolina,http://conleyathletics.com
East Chapel Hill High School,North Carolina,http://eastwildcats.com
Northern High School,North Carolina,http://nhsknights.com
Southern Durham High School,North Carolina,http://spartanation300.com
Southern Nash High School,North Carolina,http://snathletics.com
Statesville Christian School,North Carolina,http://SCSLions.org
Western Harnett High School,North Carolina,http://whhssports.com
#Bay High School,Ohio,http://bayathletics.org
Beavercreek High School,Ohio,http://beavercreekathletics.com
Bedford High School,Ohio,http://bhsathletics.org
Benedictine High School,Ohio,http://bengalsathletics.com
Boardman High School,Ohio,http://BoardmanAthletics.org
Brunswick Senior High School,Ohio,http://bluedevilathletics.org
Buckeye High School,Ohio,http://buckeyebucks.org
Butler Senior High School,Ohio,http://vandaliabutlerathletics.com
Centerville High School,Ohio,http://centervilleelkathletics.com
Cincinnati Christian School,Ohio,http://cincinnatichristianathletics.org
Clay High School,Ohio,http://oregoncityschoolsathletics.org
Cloverleaf High School,Ohio,http://coltsAthletics.org
#Eaton High School,Ohio,http://goeatoneagles.com
Edgewood High School,Ohio,http://edgewoodcougarathletics.com
Edgewood High School,Ohio,http://ehsathletics.org
Edison High School,Ohio,http://richmondedisonwildcats.com
Fairborn High School,Ohio,http://fairbornathletics.com
Fairfield Senior High School,Ohio,http://fhsindians.com
Fairlawn High School,Ohio,http://jetsathletics.org
Fairmont High School,Ohio,http://kffirebirds.com
Fort Loramie High School,Ohio,http://fortloramieathletics.com
Gahanna Lincoln High School,Ohio,http://gahannalincolnathletics.com
#Glenoak High School,Ohio,http://glenoakathletics.org
Green High School,Ohio,http://greenbulldogathletics.com
Grove City Christian High School,Ohio,http://grovecitychristianathletics.org
Grove City High School,Ohio,http://gchsgreyhounds.com
Hamilton High School,Ohio,http://bigblueathletics.com
Heath High School,Ohio,http://heathathletics.com
#Hiland High School,Ohio,http://hilandathletics.com
Jefferson Area High School,Ohio,http://jeffersonfalconathletics.com
Kent Roosevelt High School,Ohio,http://roughriderathletics.net
Lake High School,Ohio,http://lakebluestreaks.org
Lakeside High School,Ohio,http://lakesidedragons.org
Lakewood High School,Ohio,http://golancerssports.com
Lakota East High School,Ohio,http://eastthunderhawks.com
Lakota West High School,Ohio,http://westfirebirds.com
Liberty Union High School,Ohio,http://luathletics.org
Licking Heights High School,Ohio,http://LHAthletics.com
Licking Valley High School,Ohio,http://lickingvalleyathletics.com
Lima Central Catholic School,Ohio,http://lcctbirdsports.com
Martins Ferry High School,Ohio,http://MartinsFerryAthletics.com
Massillon Washington High School,Ohio,http://massillontigersathletics.org
Maumee High School,Ohio,http://maumeepanthers.org
Mckinley High School,Ohio,http://mckinleyathletics.org
Meadowbrook High School,Ohio,http://meadowbrookathletics.com
Medina High School,Ohio,http://medinaathletics.com
Miami Valley School,Ohio,http://mvsrams.com
Miamisburg High School,Ohio,http://miamisburgathletics.com
Middletown Christian High School,Ohio,http://mcseagles.org
Middletown High School,Ohio,http://middletownathletics.com
Mount Healthy High School,Ohio,http://mthfightingowls.com
Newark Senior High School,Ohio,http://nhswildcats.com
Nordonia High School,Ohio,http://nordoniaathletics.org
North Royalton High School,Ohio,http://northroyaltonathletics.com
Northmont Senior High School,Ohio,http://northmontathletics.com
Olentangy High School,Ohio,http://olentangybravesathletics.com
Orange High School,Ohio,http://ohslions.com
Orrville High School,Ohio,http://goredriders.org
Padua Franciscan High School,Ohio,http://paduabruins.com
Perry High School,Ohio,http://perrypirates.org
#Revere High School,Ohio,http://revereathletics.org
Reynoldsburg High School,Ohio,http://reynoldsburgraiders.org 
Saint Clairsville High School,Ohio,http://stcathletics.com
Salem High School,Ohio,http://salemathletics.org
Southeast High School,Ohio,http://sepiratesathletics.com
#St. Xavier High School,Ohio,http://stxsports.org
Talawanda High School,Ohio,http://thsathletics.com
#Tallmadge High School,Ohio,http://tallmadgeathletics.org
Taylor High School,Ohio,http://tayloryellowjackets.org
Tippecanoe High School,Ohio,http://tippecanoeathletics.com
Trinity High School,Ohio,http://thsathletics.org
Utica High School,Ohio,http://uticaredskins.com
Wayne High School,Ohio,http://waynewarriorathletics.com
Wellington High School,Ohio,http://wellingtonathletics.org
West Jefferson High School,Ohio,http://westjeffersonathletics.com
Westerville Central High School,Ohio,http://westervillecentralathletics.com
William Henry Harrison High School,Ohio,http://harrisonwildcats.org
Del City High School,Oklahoma,http://dceaglesports.com
#Union City High School,Oklahoma,http://gouctigers.com
Clackamas High School,Oregon,http://clackamasathletics.com
Madison High School,Oregon,http://madisonhighathletics.com
Avonworth Senior High School,Pennsylvania,http://avonworthathletics.com
California Area High School,Pennsylvania,http://gocaliforniaathletics.com
Christopher Dock Mennonite High School,Pennsylvania,http://dockathletics.org
Abbeville High School,South Carolina,http://atownpanthers.com
Aynor High School,South Carolina,http://aynorbluejackets.net
Blythewood High School,South Carolina,http://blythewoodbengals.com
Camden High School,South Carolina,http://camdenathletics.com
Camden Military Academy High School,South Carolina,http://cmaspartans.com
Cane Bay High School,South Carolina,http://gocanebayathletics.net
Charleston Charter School For Math And Science,South Carolina,http://ccsmsathletics.org
Fairfield Central High School,South Carolina,http://fcgriffins.com
Greenwood Christian School,South Carolina,http://gcshawks.com
Lake City High School,South Carolina,http://lakecityathletics.org
Lower Richland High School,South Carolina,http://lrathletics.org
Lugoff-Elgin High School,South Carolina,http://demonactivities.com
Myrtle Beach High School,South Carolina,http://myrtlebeachseahawkathletics.com
Ninety Six High School,South Carolina,http://nswildcats.com
North Central High School,South Carolina,http://knightsathletics.net
North Myrtle Beach High School,South Carolina,http://gonmbchiefs.com 
Palmetto High School,South Carolina,http://palmettomustangs.org
Pelion High School,South Carolina,http://pelionpanthers.org
Richland Northeast High School,South Carolina,http://rncavaliers.com
Ridge View High School,South Carolina,http://rvblazerathletics.com
River Bluff High School,South Carolina,http://riverbluffathletics.com
Rock Hill High School,South Carolina,http://rockhillbearcats.net
Saluda High School,South Carolina,http://saludatigersathletics.com
Socastee High School,South Carolina,http://socasteeathletics.com
St James High School,South Carolina,http://sharksathletics.com
Stratford High School,South Carolina,http://stratfordathletics.net
#Strom Thurmond High School,South Carolina,http://strebels.org
White Knoll High School,South Carolina,http://whiteknollathletics.com
Bradley Central High School,Tennessee,http://bradleyathletics.org
Cleveland High School,Tennessee,http://clevelandathletics.org
Craigmont High School,Tennessee,http://craigmontathletics.com
East High School,Tennessee,http://mustangathletics.org
Frederick Douglass High School,Tennessee,http://douglassathletics.com
Heritage High School,Tennessee,http://heritagemountaineerathletics.com
Memphis Central High School,Tennessee,http://memphiscentralathletics.com
Soddy Daisy High School,Tennessee,http://soddydaisyathletics.com
Southwind High School,Tennessee,http://southwindhighathletics.com
Abilene High School,Texas,http://abileneeagles.org
Academy High School,Texas,http://bumblebeenation.com
Akins High School,Texas,http://akinseaglessports.com
Aledo High School,Texas,http://goaledobearcats.com
Andy Dekaney High School,Texas,http://gowildcatsathletics.com
Ann Richards School For Young Women,Texas,http://annrichardsathletics.com
Anson High School,Texas,http://goansontigers.com
Baird High School,Texas,http://bairdbearathletics.com
Bland High School,Texas,http://thetigerstripes.net
Charles H Milby High School,Texas,http://gomilbybuffs.com
#Christoval High School,Texas,http://christovalhssports.com
Cinco Ranch High School,Texas,http://gocrhscougars.com
Cisco High School,Texas,http://ciscoloboes.org
Cleburne High School,Texas,http://cleburnejackets.com
Coleman High School,Texas,http://gobluecats.com
Connally High School,Texas,http://connallycougars.org
Cooper High School,Texas,http://abilenecooperathletics.org
Cross Plains High School,Texas,http://crossplainsathletics.com
Cypress Ridge High School,Texas,http://goramsathletics.com
Edcouch-Elsa High School,Texas,http://quevivalamaquina.com
Forney High School,Texas,http://jackrabbitathletics.com
#Goose Creek Memorial High School,Texas,http://gcmpatriots.com 
#Hamlin High School,Texas,http://hamlinpipers.com
Hidalgo High School,Texas,http://hidalgopirates.org
Hillcrest High School,Texas,http://dallashillcrestathletics.com
James Madison High School,Texas,http://marlinathletics.com
John H Reagan High School,Texas,http://goreaganbulldogs.com
Joshua High School,Texas,http://joshuaathletics.com
Judson High School,Texas,http://gorocketpride.com
Klein Collins High School,Texas,http://kleincollinstigers.com
#Klein High School,Texas,http://gokleinbearkats.com
L B J High School,Texas,http://jaguarstrong.com
L G Pinkston High School,Texas,http://govikingsathletics.com
La Feria High School,Texas,http://laferiaisdsports.org
La Villa High School,Texas,http://lavillacardinals.com
Lake View High School,Texas,http://golakeviewsports.com
Lee High School,Texas,http://goleegenerals.com
Macarthur High School,Texas,http://macarthurgenerals.org
Naaman Forest High School,Texas,http://gorangerathletics.com
Natalia High School,Texas,http://nataliasports.net
North Dallas High School,Texas,http://ndhsbulldogathletics.com
#North Forney High School,Texas,http://gofalconathletics.com
Pleasanton High School,Texas,http://pleasantonathletics.com
Robert E Lee High School,Texas,http://goganders.com
Royal High School,Texas,http://royalathletics.net
San Angelo Central High School,Texas,http://gocentralsports.com
San Marcos High School,Texas,http://rattlernationathletics.com
Scarborough High School,Texas,http://goscarboroughspartans.com
Sherman High School,Texas,http://goshermanbearcats.com
Spring High School,Texas,http://springlions.net
Stamford High School,Texas,http://stamfordbulldogathletics.com
Temple High School,Texas,http://wildcatstrong.com
Thomas Jefferson High School,Texas,http://gotjpatsathletics.com
Valley View High School,Texas,http://valleyviewtigers1.com
Venus High School,Texas,http://gobulldogsathletics.com
W T White High School,Texas,http://golonghornathletics.com
Wagner High School,Texas,http://wearewagner.com
Westfield High School,Texas,http://gowestfieldathletics.com
Westside High School,Texas,http://westsideathletics.net
William B Travis High School,Texas,http://rebelstrue.com
Wilmer-Hutchins High School,Texas,http://gohutchathletics.com
Yes Prep Southwest Campus High School,Texas,http://swmavs.com
Union High School,Utah,http://unioncougarathletics.com
Seton Catholic College Preparatory High School,Washington,http://setoncougars.com
